Insert into TB_LISTAVALOR (ID,AGRUPACION,DESCRIPCION,ESTADO,CREADOPOR,MODIFICADOPOR,MODIFICADOEN) values ('1','TipoIdentificacion','Tipo de identificacion del usuario |Cedula Ciudadania|Cedula Extranjeria|...|','1','raphael.lara',null,null);
Insert into TB_LISTAVALOR (ID,AGRUPACION,DESCRIPCION,ESTADO,CREADOPOR,MODIFICADOPOR,MODIFICADOEN) values ('2','TipoIntegrante','Tipo de integrante dentro de un proyecto |Estudiante|Director|...|','1','raphael.lara',null,null);
Insert into TB_LISTAVALOR (ID,AGRUPACION,DESCRIPCION,ESTADO,CREADOPOR,MODIFICADOPOR,MODIFICADOEN) values ('3','EstadoIntegrante','Estado de un integrante dentro de un grupo de un proyecto |Activo|Inactivo|Retirado|Remiso|...|','1','raphael.lara',null,null);
Insert into TB_LISTAVALOR (ID,AGRUPACION,DESCRIPCION,ESTADO,CREADOPOR,MODIFICADOPOR,MODIFICADOEN) values ('4','EstadoProyecto','Estado del proyecto |Aceptado|Revisar|Aprobacion|...|','1','raphael.lara',null,null);
Insert into TB_LISTAVALOR (ID,AGRUPACION,DESCRIPCION,ESTADO,CREADOPOR,MODIFICADOPOR,MODIFICADOEN) values ('5','TipoEvaluacion','Tipo de evaluacion al momento de hacer una calificacion |Documento|Exposicion|Aplicacion|...|','1','raphael.lara',null,null);
Insert into TB_LISTAVALOR (ID,AGRUPACION,DESCRIPCION,ESTADO,CREADOPOR,MODIFICADOPOR,MODIFICADOEN) values ('6','PeriodoEntrega','Periodo para la realizacion de una entrega parcial o final |PrimerPeriodo|SegundoPeriodo|...|','1','raphael.lara',null,null);
Insert into TB_LISTAVALOR (ID,AGRUPACION,DESCRIPCION,ESTADO,CREADOPOR,MODIFICADOPOR,MODIFICADOEN) values ('7','EstadoEntrega','Estado parcial o final de la entrega |Entregado|Pendiente|...|','1','raphael.lara',null,null);
Insert into TB_LISTAVALOR (ID,AGRUPACION,DESCRIPCION,ESTADO,CREADOPOR,MODIFICADOPOR,MODIFICADOEN) values ('8','EstadoIdea','Estado de una idea |Aceptada|Revision|Negada|...|','1','raphael.lara',null,null);
Insert into TB_LISTAVALOR (ID,AGRUPACION,DESCRIPCION,ESTADO,CREADOPOR,MODIFICADOPOR,MODIFICADOEN) values ('9','EstadoIdeaUsuario','Estado de una idea cuando es asignada a un usuario |Ejecucion|...|','1','raphael.lara',null,null);
Insert into TB_LISTAVALOR (ID,AGRUPACION,DESCRIPCION,ESTADO,CREADOPOR,MODIFICADOPOR,MODIFICADOEN) values ('10','TipoUsuario','Tipo de usuario cuando se registra |Estudiante|Docente|Directivo|Empleado|Egresado|...|','1','raphael.lara',null,null);
Insert into TB_LISTAVALOR (ID,AGRUPACION,DESCRIPCION,ESTADO,CREADOPOR,MODIFICADOPOR,MODIFICADOEN) values ('11','EstadoUsuario','Estado del usuario dentro de la aplicacion |Activo|Inactivo|Retirado|...|','1','raphael.lara',null,null);
Insert into TB_LISTAVALOR (ID,AGRUPACION,DESCRIPCION,ESTADO,CREADOPOR,MODIFICADOPOR,MODIFICADOEN) values ('12','EstadoSolicitudRol','Estado de la solicitud cuando un usuario solicita cambiar de rol |Pendiente|Realizada|...|','1','raphael.lara',null,null);
Insert into TB_LISTAVALOR (ID,AGRUPACION,DESCRIPCION,ESTADO,CREADOPOR,MODIFICADOPOR,MODIFICADOEN) values ('13','EstadoUsuarioRol','Estado un rol asociado a un usuario |Activo|Inactivo|...|','1','raphael.lara',null,null);
Insert into TB_LISTAVALOR (ID,AGRUPACION,DESCRIPCION,ESTADO,CREADOPOR,MODIFICADOPOR,MODIFICADOEN) values ('14','ProgramaAcademico','Programa al que pertenece dentro de la universidad |Sistemas|Otro|...|','1','raphael.lara',null,null);
Insert into TB_LISTAVALOR (ID,AGRUPACION,DESCRIPCION,ESTADO,CREADOPOR,MODIFICADOPOR,MODIFICADOEN) values ('15','Dependencia','Dependencia a la que pertenece dentro de la universidad |Administracion|Otro|...|','1','raphael.lara',null,null);

Insert into TB_LISTAVALORDETALLE (ID,ID_T_LISTAVALORES,VALOR,ESTADO,CREADOPOR,MODIFICADOPOR,MODIFICADOEN) values ('1','1','Cedula de Ciudadania','1','raphael.lara',null,null);
Insert into TB_LISTAVALORDETALLE (ID,ID_T_LISTAVALORES,VALOR,ESTADO,CREADOPOR,MODIFICADOPOR,MODIFICADOEN) values ('2','1','Cedula de Extranjeria','1','raphael.lara',null,null);
Insert into TB_LISTAVALORDETALLE (ID,ID_T_LISTAVALORES,VALOR,ESTADO,CREADOPOR,MODIFICADOPOR,MODIFICADOEN) values ('3','1','Tarjeta de Identidad','1','raphael.lara',null,null);

Insert into TB_LISTAVALORDETALLE (ID,ID_T_LISTAVALORES,VALOR,ESTADO,CREADOPOR,MODIFICADOPOR,MODIFICADOEN) values ('4','2','Estudiante','1','raphael.lara',null,null);
Insert into TB_LISTAVALORDETALLE (ID,ID_T_LISTAVALORES,VALOR,ESTADO,CREADOPOR,MODIFICADOPOR,MODIFICADOEN) values ('5','2','Director','1','raphael.lara',null,null);

Insert into TB_LISTAVALORDETALLE (ID,ID_T_LISTAVALORES,VALOR,ESTADO,CREADOPOR,MODIFICADOPOR,MODIFICADOEN) values ('6','3','Activo','1','raphael.lara',null,null);
Insert into TB_LISTAVALORDETALLE (ID,ID_T_LISTAVALORES,VALOR,ESTADO,CREADOPOR,MODIFICADOPOR,MODIFICADOEN) values ('7','3','Inactivo','1','raphael.lara',null,null);
Insert into TB_LISTAVALORDETALLE (ID,ID_T_LISTAVALORES,VALOR,ESTADO,CREADOPOR,MODIFICADOPOR,MODIFICADOEN) values ('8','3','Retirado','1','raphael.lara',null,null);
Insert into TB_LISTAVALORDETALLE (ID,ID_T_LISTAVALORES,VALOR,ESTADO,CREADOPOR,MODIFICADOPOR,MODIFICADOEN) values ('9','3','Remiso','1','raphael.lara',null,null);

Insert into TB_LISTAVALORDETALLE (ID,ID_T_LISTAVALORES,VALOR,ESTADO,CREADOPOR,MODIFICADOPOR,MODIFICADOEN) values ('10','4','Aceptado','1','raphael.lara',null,null);
Insert into TB_LISTAVALORDETALLE (ID,ID_T_LISTAVALORES,VALOR,ESTADO,CREADOPOR,MODIFICADOPOR,MODIFICADOEN) values ('11','4','En Revision','1','raphael.lara',null,null);
Insert into TB_LISTAVALORDETALLE (ID,ID_T_LISTAVALORES,VALOR,ESTADO,CREADOPOR,MODIFICADOPOR,MODIFICADOEN) values ('12','4','Aprobado','1','raphael.lara',null,null);

Insert into TB_LISTAVALORDETALLE (ID,ID_T_LISTAVALORES,VALOR,ESTADO,CREADOPOR,MODIFICADOPOR,MODIFICADOEN) values ('13','5','Documento','1','raphael.lara',null,null);
Insert into TB_LISTAVALORDETALLE (ID,ID_T_LISTAVALORES,VALOR,ESTADO,CREADOPOR,MODIFICADOPOR,MODIFICADOEN) values ('14','5','Exposicion','1','raphael.lara',null,null);
Insert into TB_LISTAVALORDETALLE (ID,ID_T_LISTAVALORES,VALOR,ESTADO,CREADOPOR,MODIFICADOPOR,MODIFICADOEN) values ('15','5','Aplicacion','1','raphael.lara',null,null);

Insert into TB_LISTAVALORDETALLE (ID,ID_T_LISTAVALORES,VALOR,ESTADO,CREADOPOR,MODIFICADOPOR,MODIFICADOEN) values ('16','6','Primer Corte','1','raphael.lara',null,null);
Insert into TB_LISTAVALORDETALLE (ID,ID_T_LISTAVALORES,VALOR,ESTADO,CREADOPOR,MODIFICADOPOR,MODIFICADOEN) values ('17','6','Segundo Corte','1','raphael.lara',null,null);
Insert into TB_LISTAVALORDETALLE (ID,ID_T_LISTAVALORES,VALOR,ESTADO,CREADOPOR,MODIFICADOPOR,MODIFICADOEN) values ('18','6','Tercer Corte','1','raphael.lara',null,null);

Insert into TB_LISTAVALORDETALLE (ID,ID_T_LISTAVALORES,VALOR,ESTADO,CREADOPOR,MODIFICADOPOR,MODIFICADOEN) values ('19','7','Entregado','1','raphael.lara',null,null);
Insert into TB_LISTAVALORDETALLE (ID,ID_T_LISTAVALORES,VALOR,ESTADO,CREADOPOR,MODIFICADOPOR,MODIFICADOEN) values ('20','7','Pendiente','1','raphael.lara',null,null);

Insert into TB_LISTAVALORDETALLE (ID,ID_T_LISTAVALORES,VALOR,ESTADO,CREADOPOR,MODIFICADOPOR,MODIFICADOEN) values ('21','8','Aceptada','1','raphael.lara',null,null);
Insert into TB_LISTAVALORDETALLE (ID,ID_T_LISTAVALORES,VALOR,ESTADO,CREADOPOR,MODIFICADOPOR,MODIFICADOEN) values ('22','8','Revision','1','raphael.lara',null,null);
Insert into TB_LISTAVALORDETALLE (ID,ID_T_LISTAVALORES,VALOR,ESTADO,CREADOPOR,MODIFICADOPOR,MODIFICADOEN) values ('23','8','Negada','1','raphael.lara',null,null);

Insert into TB_LISTAVALORDETALLE (ID,ID_T_LISTAVALORES,VALOR,ESTADO,CREADOPOR,MODIFICADOPOR,MODIFICADOEN) values ('24','9','En Ejecucion','1','raphael.lara',null,null);

Insert into TB_LISTAVALORDETALLE (ID,ID_T_LISTAVALORES,VALOR,ESTADO,CREADOPOR,MODIFICADOPOR,MODIFICADOEN) values ('25','10','Estudiante','1','raphael.lara',null,null);
Insert into TB_LISTAVALORDETALLE (ID,ID_T_LISTAVALORES,VALOR,ESTADO,CREADOPOR,MODIFICADOPOR,MODIFICADOEN) values ('26','10','Docente','1','raphael.lara',null,null);
Insert into TB_LISTAVALORDETALLE (ID,ID_T_LISTAVALORES,VALOR,ESTADO,CREADOPOR,MODIFICADOPOR,MODIFICADOEN) values ('27','10','Directivo','1','raphael.lara',null,null);
Insert into TB_LISTAVALORDETALLE (ID,ID_T_LISTAVALORES,VALOR,ESTADO,CREADOPOR,MODIFICADOPOR,MODIFICADOEN) values ('28','10','Empleado','1','raphael.lara',null,null);
Insert into TB_LISTAVALORDETALLE (ID,ID_T_LISTAVALORES,VALOR,ESTADO,CREADOPOR,MODIFICADOPOR,MODIFICADOEN) values ('29','10','Egresado','1','raphael.lara',null,null);

Insert into TB_LISTAVALORDETALLE (ID,ID_T_LISTAVALORES,VALOR,ESTADO,CREADOPOR,MODIFICADOPOR,MODIFICADOEN) values ('30','11','Activo','1','raphael.lara',null,null);
Insert into TB_LISTAVALORDETALLE (ID,ID_T_LISTAVALORES,VALOR,ESTADO,CREADOPOR,MODIFICADOPOR,MODIFICADOEN) values ('31','11','Inactivo','1','raphael.lara',null,null);
Insert into TB_LISTAVALORDETALLE (ID,ID_T_LISTAVALORES,VALOR,ESTADO,CREADOPOR,MODIFICADOPOR,MODIFICADOEN) values ('32','11','Retirado','1','raphael.lara',null,null);

Insert into TB_LISTAVALORDETALLE (ID,ID_T_LISTAVALORES,VALOR,ESTADO,CREADOPOR,MODIFICADOPOR,MODIFICADOEN) values ('33','12','Pendiente','1','raphael.lara',null,null);
Insert into TB_LISTAVALORDETALLE (ID,ID_T_LISTAVALORES,VALOR,ESTADO,CREADOPOR,MODIFICADOPOR,MODIFICADOEN) values ('34','12','Realizada','1','raphael.lara',null,null);

Insert into TB_LISTAVALORDETALLE (ID,ID_T_LISTAVALORES,VALOR,ESTADO,CREADOPOR,MODIFICADOPOR,MODIFICADOEN) values ('36','13','Activo','1','raphael.lara',null,null);
Insert into TB_LISTAVALORDETALLE (ID,ID_T_LISTAVALORES,VALOR,ESTADO,CREADOPOR,MODIFICADOPOR,MODIFICADOEN) values ('37','13','Inactivo','1','raphael.lara',null,null);

Insert into TB_LISTAVALORDETALLE (ID,ID_T_LISTAVALORES,VALOR,ESTADO,CREADOPOR,MODIFICADOPOR,MODIFICADOEN) values ('38','14','Ingenieria en Sistemas','1','raphael.lara',null,null);
Insert into TB_LISTAVALORDETALLE (ID,ID_T_LISTAVALORES,VALOR,ESTADO,CREADOPOR,MODIFICADOPOR,MODIFICADOEN) values ('39','14','Ingenieria Industrial','1','raphael.lara',null,null);
Insert into TB_LISTAVALORDETALLE (ID,ID_T_LISTAVALORES,VALOR,ESTADO,CREADOPOR,MODIFICADOPOR,MODIFICADOEN) values ('40','14','Salud Ocupacional','1','raphael.lara',null,null);
Insert into TB_LISTAVALORDETALLE (ID,ID_T_LISTAVALORES,VALOR,ESTADO,CREADOPOR,MODIFICADOPOR,MODIFICADOEN) values ('41','14','Administracion de Empresas','1','raphael.lara',null,null);

Insert into TB_LISTAVALORDETALLE (ID,ID_T_LISTAVALORES,VALOR,ESTADO,CREADOPOR,MODIFICADOPOR,MODIFICADOEN) values ('42','15','Ingenierias','1','raphael.lara',null,null);
Insert into TB_LISTAVALORDETALLE (ID,ID_T_LISTAVALORES,VALOR,ESTADO,CREADOPOR,MODIFICADOPOR,MODIFICADOEN) values ('43','15','Salud','1','raphael.lara',null,null);
Insert into TB_LISTAVALORDETALLE (ID,ID_T_LISTAVALORES,VALOR,ESTADO,CREADOPOR,MODIFICADOPOR,MODIFICADOEN) values ('44','15','Administrativa','1','raphael.lara',null,null);
Insert into TB_LISTAVALORDETALLE (ID,ID_T_LISTAVALORES,VALOR,ESTADO,CREADOPOR,MODIFICADOPOR,MODIFICADOEN) values ('45','15','Aseo','1','raphael.lara',null,null);

/*
Insert into TB_USUARIO (ID,ID_T_LV_TIPOUSUARIO,ID_T_LV_ESTADOUSUARIO,ID_T_LV_TIPOIDENTIFICACION,NUMIDENTIFICACION,PRIMERNOMBRE,SEGUNDONOMBRE,PRIMERAPELLIDO,SEGUNDOAPELLIDO,FECHANACIMIENTO,GENERO,TELEFONOFIJO,TELEFONOCELULAR,USUARIO,CONTRASENA,ID_T_LV_PROGRAMAACEDEMICO,ID_T_LV_DEPENDENCIA,CREADOPOR,CREADOEN,MODIFICADOPOR,MODIFICADOEN) values ('1','25','30','1','1','Sujeto1',null,'Apellido1',null,to_date('01/01/80','DD/MM/RR'),'M',null,'3133133131','Sujeto1@Apellido1.com','-','38','42','raphael.lara',to_date('17/05/17','DD/MM/RR'),null,null);
Insert into TB_USUARIO (ID,ID_T_LV_TIPOUSUARIO,ID_T_LV_ESTADOUSUARIO,ID_T_LV_TIPOIDENTIFICACION,NUMIDENTIFICACION,PRIMERNOMBRE,SEGUNDONOMBRE,PRIMERAPELLIDO,SEGUNDOAPELLIDO,FECHANACIMIENTO,GENERO,TELEFONOFIJO,TELEFONOCELULAR,USUARIO,CONTRASENA,ID_T_LV_PROGRAMAACEDEMICO,ID_T_LV_DEPENDENCIA,CREADOPOR,CREADOEN,MODIFICADOPOR,MODIFICADOEN) values ('2','26','31','2','2','Sujeto2',null,'Apellido2',null,to_date('02/01/80','DD/MM/RR'),'F',null,'3133133132','Sujeto2@Apellido2.com','-','39','43','raphael.lara',to_date('17/05/17','DD/MM/RR'),null,null);
Insert into TB_USUARIO (ID,ID_T_LV_TIPOUSUARIO,ID_T_LV_ESTADOUSUARIO,ID_T_LV_TIPOIDENTIFICACION,NUMIDENTIFICACION,PRIMERNOMBRE,SEGUNDONOMBRE,PRIMERAPELLIDO,SEGUNDOAPELLIDO,FECHANACIMIENTO,GENERO,TELEFONOFIJO,TELEFONOCELULAR,USUARIO,CONTRASENA,ID_T_LV_PROGRAMAACEDEMICO,ID_T_LV_DEPENDENCIA,CREADOPOR,CREADOEN,MODIFICADOPOR,MODIFICADOEN) values ('3','27','32','3','3','Sujeto3',null,'Apellido3',null,to_date('03/01/80','DD/MM/RR'),'M',null,'3133133133','Sujeto3@Apellido3.com','-','40','44','raphael.lara',to_date('17/05/17','DD/MM/RR'),null,null);
Insert into TB_USUARIO (ID,ID_T_LV_TIPOUSUARIO,ID_T_LV_ESTADOUSUARIO,ID_T_LV_TIPOIDENTIFICACION,NUMIDENTIFICACION,PRIMERNOMBRE,SEGUNDONOMBRE,PRIMERAPELLIDO,SEGUNDOAPELLIDO,FECHANACIMIENTO,GENERO,TELEFONOFIJO,TELEFONOCELULAR,USUARIO,CONTRASENA,ID_T_LV_PROGRAMAACEDEMICO,ID_T_LV_DEPENDENCIA,CREADOPOR,CREADOEN,MODIFICADOPOR,MODIFICADOEN) values ('4','28','30','1','4','Sujeto4',null,'Apellido4',null,to_date('04/01/80','DD/MM/RR'),'F',null,'3133133134','Sujeto4@Apellido4.com','-','41','45','raphael.lara',to_date('17/05/17','DD/MM/RR'),null,null);
Insert into TB_USUARIO (ID,ID_T_LV_TIPOUSUARIO,ID_T_LV_ESTADOUSUARIO,ID_T_LV_TIPOIDENTIFICACION,NUMIDENTIFICACION,PRIMERNOMBRE,SEGUNDONOMBRE,PRIMERAPELLIDO,SEGUNDOAPELLIDO,FECHANACIMIENTO,GENERO,TELEFONOFIJO,TELEFONOCELULAR,USUARIO,CONTRASENA,ID_T_LV_PROGRAMAACEDEMICO,ID_T_LV_DEPENDENCIA,CREADOPOR,CREADOEN,MODIFICADOPOR,MODIFICADOEN) values ('5','29','31','2','5','Sujeto5',null,'Apellido5',null,to_date('05/01/80','DD/MM/RR'),'M',null,'3133133135','Sujeto5@Apellido5.com','-','38','42','raphael.lara',to_date('17/05/17','DD/MM/RR'),null,null);
Insert into TB_USUARIO (ID,ID_T_LV_TIPOUSUARIO,ID_T_LV_ESTADOUSUARIO,ID_T_LV_TIPOIDENTIFICACION,NUMIDENTIFICACION,PRIMERNOMBRE,SEGUNDONOMBRE,PRIMERAPELLIDO,SEGUNDOAPELLIDO,FECHANACIMIENTO,GENERO,TELEFONOFIJO,TELEFONOCELULAR,USUARIO,CONTRASENA,ID_T_LV_PROGRAMAACEDEMICO,ID_T_LV_DEPENDENCIA,CREADOPOR,CREADOEN,MODIFICADOPOR,MODIFICADOEN) values ('6','25','32','3','6','Sujeto6',null,'Apellido6',null,to_date('06/01/80','DD/MM/RR'),'F',null,'3133133136','Sujeto6@Apellido6.com','-','39','43','raphael.lara',to_date('17/05/17','DD/MM/RR'),null,null);
Insert into TB_USUARIO (ID,ID_T_LV_TIPOUSUARIO,ID_T_LV_ESTADOUSUARIO,ID_T_LV_TIPOIDENTIFICACION,NUMIDENTIFICACION,PRIMERNOMBRE,SEGUNDONOMBRE,PRIMERAPELLIDO,SEGUNDOAPELLIDO,FECHANACIMIENTO,GENERO,TELEFONOFIJO,TELEFONOCELULAR,USUARIO,CONTRASENA,ID_T_LV_PROGRAMAACEDEMICO,ID_T_LV_DEPENDENCIA,CREADOPOR,CREADOEN,MODIFICADOPOR,MODIFICADOEN) values ('7','26','30','1','7','Sujeto7',null,'Apellido7',null,to_date('07/01/80','DD/MM/RR'),'M',null,'3133133137','Sujeto7@Apellido7.com','-','40','44','raphael.lara',to_date('17/05/17','DD/MM/RR'),null,null);
Insert into TB_USUARIO (ID,ID_T_LV_TIPOUSUARIO,ID_T_LV_ESTADOUSUARIO,ID_T_LV_TIPOIDENTIFICACION,NUMIDENTIFICACION,PRIMERNOMBRE,SEGUNDONOMBRE,PRIMERAPELLIDO,SEGUNDOAPELLIDO,FECHANACIMIENTO,GENERO,TELEFONOFIJO,TELEFONOCELULAR,USUARIO,CONTRASENA,ID_T_LV_PROGRAMAACEDEMICO,ID_T_LV_DEPENDENCIA,CREADOPOR,CREADOEN,MODIFICADOPOR,MODIFICADOEN) values ('8','27','31','2','8','Sujeto8',null,'Apellido8',null,to_date('08/01/80','DD/MM/RR'),'F',null,'3133133138','Sujeto8@Apellido8.com','-','41','45','raphael.lara',to_date('17/05/17','DD/MM/RR'),null,null);
Insert into TB_USUARIO (ID,ID_T_LV_TIPOUSUARIO,ID_T_LV_ESTADOUSUARIO,ID_T_LV_TIPOIDENTIFICACION,NUMIDENTIFICACION,PRIMERNOMBRE,SEGUNDONOMBRE,PRIMERAPELLIDO,SEGUNDOAPELLIDO,FECHANACIMIENTO,GENERO,TELEFONOFIJO,TELEFONOCELULAR,USUARIO,CONTRASENA,ID_T_LV_PROGRAMAACEDEMICO,ID_T_LV_DEPENDENCIA,CREADOPOR,CREADOEN,MODIFICADOPOR,MODIFICADOEN) values ('9','28','32','3','9','Sujeto9',null,'Apellido9',null,to_date('09/01/80','DD/MM/RR'),'M',null,'3133133139','Sujeto9@Apellido9.com','-','38','42','raphael.lara',to_date('17/05/17','DD/MM/RR'),null,null);
*/
